{
  "condition": {
    "miniprogram": {
      "list": [
        {
          "name": "",
          "pathName": "pages/home/home",
          "query": "",
          "launchMode": "default",
          "scene": null
        },
        {
          "name": "",
          "pathName": "pages/article/article",
          "query": "kind=1&name=测试",
          "launchMode": "default",
          "scene": null
        },
        {
          "name": "/articleinfo",
          "pathName": "pages/articleinfo/articleinfo",
          "query": "id=1",
          "launchMode": "default",
          "scene": null
        },
        {
          "name": "",
          "pathName": "pages/people/people",
          "query": "",
          "launchMode": "default",
          "scene": null
        },
        {
          "name": "",
          "pathName": "pages/peopleinfo/peopleinfo",
          "query": "",
          "launchMode": "default",
          "scene": null
        }
      ]
    }
  },
  "projectname": "wx_map",
  "description": "项目私有配置文件。此文件中的内容将覆盖 project.config.json 中的相同字段。项目的改动优先同步到此文件中。详见文档：https://developers.weixin.qq.com/miniprogram/dev/devtools/projectconfig.html",
  "setting": {
    "compileHotReLoad": true
  },
  "libVersion": "2.21.4"
}